block,card,is_dominance_check,alt,price,battery,energy,recycle,flex1,flex2,lez_fee
K1,1,0,A,24,rent250,solar,none,1km,none,NA
K1,1,0,B,30,buy,grid,100audit,home,60pct,NA
K1,1,0,OPT,NA,NA,NA,NA,NA,NA,100
K1,2,0,A,18,rent350,grid,50cert,3km,40pct,NA
K1,2,0,B,24,rent150,solar,100audit,1km,none,NA
K1,2,0,OPT,NA,NA,NA,NA,NA,NA,200
K1,3,0,A,36,buy,solar,50cert,home,60pct,NA
K1,3,0,B,18,rent250,grid,none,3km,none,NA
K1,3,0,OPT,NA,NA,NA,NA,NA,NA,0
K1,4,1,A,18,buy,solar,100audit,home,60pct,NA
K1,4,1,B,36,rent350,grid,none,3km,none,NA
K1,4,1,OPT,NA,NA,NA,NA,NA,NA,100
K1,5,0,A,30,rent150,solar,none,1km,40pct,NA
K1,5,0,B,24,buy,solar,50cert,home,none,NA
K1,5,0,OPT,NA,NA,NA,NA,NA,NA,200
K1,6,0,A,18,rent150,grid,100audit,3km,none,NA
K1,6,0,B,36,rent250,solar,none,1km,60pct,NA
K1,6,0,OPT,NA,NA,NA,NA,NA,NA,100
K1,7,0,A,24,buy,grid,50cert,home,40pct,NA
K1,7,0,B,30,rent350,grid,100audit,3km,none,NA
K1,7,0,OPT,NA,NA,NA,NA,NA,NA,0
K1,8,0,A,36,rent250,solar,100audit,1km,60pct,NA
K1,8,0,B,18,buy,grid,none,home,none,NA
K1,8,0,OPT,NA,NA,NA,NA,NA,NA,200
K2,1,0,A,30,rent350,solar,100audit,home,none,NA
K2,1,0,B,18,rent150,grid,50cert,1km,40pct,NA
K2,1,0,OPT,NA,NA,NA,NA,NA,NA,200
K2,2,0,A,24,buy,solar,none,3km,60pct,NA
K2,2,0,B,36,buy,solar,100audit,home,none,NA
K2,2,0,OPT,NA,NA,NA,NA,NA,NA,0
K2,3,0,A,18,rent250,grid,100audit,1km,none,NA
K2,3,0,B,24,rent350,solar,none,3km,40pct,NA
K2,3,0,OPT,NA,NA,NA,NA,NA,NA,100
K2,4,0,A,36,rent150,grid,50cert,home,40pct,NA
K2,4,0,B,30,buy,grid,100audit,1km,60pct,NA
K2,4,0,OPT,NA,NA,NA,NA,NA,NA,200
K2,5,1,A,36,rent350,grid,none,3km,none,NA
K2,5,1,B,18,buy,solar,100audit,home,60pct,NA
K2,5,1,OPT,NA,NA,NA,NA,NA,NA,100
K2,6,0,A,24,rent250,solar,50cert,3km,none,NA
K2,6,0,B,18,buy,grid,100audit,home,40pct,NA
K2,6,0,OPT,NA,NA,NA,NA,NA,NA,0
K2,7,0,A,30,rent150,grid,none,1km,60pct,NA
K2,7,0,B,36,rent250,solar,50cert,3km,none,NA
K2,7,0,OPT,NA,NA,NA,NA,NA,NA,100
K2,8,0,A,18,buy,solar,50cert,home,none,NA
K2,8,0,B,24,rent150,solar,100audit,1km,60pct,NA
K2,8,0,OPT,NA,NA,NA,NA,NA,NA,200
K3,1,0,A,24,rent150,grid,100audit,home,none,NA
K3,1,0,B,30,buy,solar,none,3km,40pct,NA
K3,1,0,OPT,NA,NA,NA,NA,NA,NA,0
K3,2,0,A,18,buy,solar,50cert,1km,60pct,NA
K3,2,0,B,36,rent350,grid,100audit,home,none,NA
K3,2,0,OPT,NA,NA,NA,NA,NA,NA,200
K3,3,1,A,18,buy,solar,100audit,home,60pct,NA
K3,3,1,B,36,rent350,grid,none,3km,none,NA
K3,3,1,OPT,NA,NA,NA,NA,NA,NA,100
K3,4,0,A,30,rent250,grid,50cert,3km,40pct,NA
K3,4,0,B,24,rent350,solar,100audit,1km,none,NA
K3,4,0,OPT,NA,NA,NA,NA,NA,NA,100
K3,5,0,A,36,buy,solar,none,home,60pct,NA
K3,5,0,B,18,rent150,grid,50cert,3km,none,NA
K3,5,0,OPT,NA,NA,NA,NA,NA,NA,0
K3,6,0,A,24,rent350,solar,100audit,1km,40pct,NA
K3,6,0,B,30,rent150,solar,50cert,home,none,NA
K3,6,0,OPT,NA,NA,NA,NA,NA,NA,200
K3,7,0,A,18,rent250,solar,none,3km,60pct,NA
K3,7,0,B,36,buy,grid,100audit,1km,none,NA
K3,7,0,OPT,NA,NA,NA,NA,NA,NA,100
K3,8,0,A,30,buy,grid,100audit,home,40pct,NA
K3,8,0,B,24,rent250,grid,50cert,3km,none,NA
K3,8,0,OPT,NA,NA,NA,NA,NA,NA,0
